signal_group,avg_daily_count
A_smart_uncrowded,325.9357798165138
B_smart_crowded,33.167479674796745
C_industry_hot,149.01700154559506
D_stock_only,622.0415584415584
E_control,3758.82987012987
